項目,NISA口座数・主要ネット証券KPI(件),確認時点,確度,出典
NISA累計買付額(全体、日本国内合計),71000000000000,2026/08/11,high,金融庁「NISAの利用状況」(NISA口座の利用状況に関する調査結果(令和7年12月末時点)の公表について、令和8年7月3日公表)
楽天証券 預り資産残高(全体),50300000000000,2026/08/11,med,株式会社SBI証券 決算説明資料内「主要インターネット証券の預り資産残高比較」(各社WEBサイト公表資料をSBI証券が集計)
楽天証券 NISA預り資産残高,10000000000000,2026/08/11,high,楽天証券株式会社 プレスリリース「業界最多！楽天証券NISA、口座数700万口座＆残高10兆円突破のお知らせ」
NISA口座数(全体、日本国内合計),28210000,2026/08/11,high,金融庁「NISAの利用状況」(NISA口座の利用状況に関する調査結果(令和7年12月末時点)の公表について、令和8年7月3日公表)
NISA口座数（全金融機関合計・新NISA）,28210000,2026/07/12,high,「NISAの利用状況」NISA口座の利用状況に関する調査結果（令和7年12月末時点）付属グラフ資料（金融庁）
SBI証券 総合口座数,16000000,2026/08/11,high,SBIホールディングス ニュースリリース「国内初となる証券総合口座1,600万口座達成のお知らせ」
SBI証券 証券総合口座数（速報マイルストーン）,16000000,2026/07/12,high,国内初となる証券総合口座1,600万口座達成のお知らせ（SBIグループ）
SBI証券 証券総合口座数,15826000,2026/07/12,high,SBI証券 決算説明資料～2026年3月期 通期～
楽天証券 総合口座数,14000000,2026/08/11,high,楽天グループ株式会社 プレスリリース「国内(証券単体)最多！楽天証券、証券総合口座数1,400万口座突破のお知らせ」
楽天証券 総合口座数（速報マイルストーン）,14000000,2026/07/12,high,楽天証券プレスリリース「証券総合口座数1,400万口座突破のお知らせ」
楽天証券 NISA口座数,7000000,2026/08/11,high,楽天証券株式会社 プレスリリース「業界最多！楽天証券NISA、口座数700万口座＆残高10兆円突破のお知らせ」
マネックス証券 総合口座数,3000000,2026/08/11,high,マネックス証券株式会社 プレスリリース「証券総合取引口座数300万口座突破のお知らせ」(PR TIMES掲載)
松井証券 総口座数,1773175,2026/07/12,high,松井証券「2026年3月期 決算報告資料」
松井証券 総合口座数(取引口座数),1773000,2026/08/11,med,株式会社SBI証券 決算説明資料内「主要インターネット証券口座数比較」(各社WEBサイト公表資料をSBI証券が集計)
マネックス証券 預り資産残高,121428,2026/06/01,high,マネックス証券 開示情報「口座数・預り資産」（月次開示）
NISA累計買付額（全金融機関合計）,71,2026/07/12,high,「NISAの利用状況」NISA口座の利用状況に関する調査結果（令和7年12月末時点）付属グラフ資料（金融庁）
SBI証券 預り資産残高,66.1,2026/03/01,high,SBI証券 決算説明資料～2026年3月期 通期～
楽天証券 預り資産残高,50.3,2026/03/01,high,楽天グループ株式会社 2026年度第1四半期決算説明会プレゼンテーション資料
松井証券 預り資産残高,5.4,2026/03/01,high,松井証券「2026年3月期 決算報告資料」