項目,クレカ積立還元率(最大)(%),確認時点,確度,出典
SBI×三井住友 Visa Infinite / Oliveインフィニット,4,2026/07/18,low,各証券・カード会社公式(多エージェント調査で相互検証)
マネックス×dカード PLATINUM,3.1,2026/07/18,med,各証券・カード会社公式(多エージェント調査で相互検証)
SBI×三井住友カード プラチナプリファード,3,2026/07/18,high,各証券・カード会社公式(多エージェント調査で相互検証)
SBI×東急カード,2.5,2026/07/18,med,各証券・カード会社公式(多エージェント調査で相互検証)
楽天×楽天ブラックカード,2,2026/07/18,med,各証券・カード会社公式(多エージェント調査で相互検証)
SBI×ラグジュアリーカード ゴールド(アプラス),1.5,2026/07/18,low,各証券・カード会社公式(多エージェント調査で相互検証)
マネックス×dカード GOLD / GOLD U,1.1,2026/07/18,med,各証券・カード会社公式(多エージェント調査で相互検証)
マネックス×dカード(一般),1.1,2026/07/18,high,各証券・カード会社公式(多エージェント調査で相互検証)
マネックス×マネックスカード,1.1,2026/07/18,high,各証券・カード会社公式(多エージェント調査で相互検証)
SBI×JCBゴールド/プラチナ(オリジナルシリーズ),1,2026/07/18,med,各証券・カード会社公式(多エージェント調査で相互検証)
SBI×三井住友カード ゴールド(NL),1,2026/07/18,high,各証券・カード会社公式(多エージェント調査で相互検証)
楽天×楽天カード(一般),1,2026/07/18,high,各証券・カード会社公式(多エージェント調査で相互検証)
楽天×楽天ゴールドカード,1,2026/07/18,med,各証券・カード会社公式(多エージェント調査で相互検証)
楽天×楽天プレミアムカード,1,2026/07/18,med,各証券・カード会社公式(多エージェント調査で相互検証)
三菱UFJ eスマート×au PAY ゴールドカード,1,2026/07/18,high,各証券・カード会社公式(多エージェント調査で相互検証)
松井×JCBゴールド/プラチナ(オリジナルシリーズ),1,2026/07/18,med,各証券・カード会社公式(多エージェント調査で相互検証)
大和コネクト×セゾンプラチナ・アメックス,1,2026/07/18,med,各証券・カード会社公式(多エージェント調査で相互検証)
PayPay証券×PayPayカード / ゴールド,0.7,2026/07/18,low,各証券・カード会社公式(多エージェント調査で相互検証)
SBI×JCB一般(カードS/W),0.5,2026/07/18,med,各証券・カード会社公式(多エージェント調査で相互検証)
SBI×アプラス / UCS / オリコ,0.5,2026/07/18,med,各証券・カード会社公式(多エージェント調査で相互検証)
SBI×三井住友カード(NL),0.5,2026/07/18,high,各証券・カード会社公式(多エージェント調査で相互検証)
tsumiki×エポスカード,0.5,2026/07/18,med,各証券・カード会社公式(多エージェント調査で相互検証)
楽天×楽天キャッシュ(楽天ペイ決済),0.5,2026/07/18,high,各証券・カード会社公式(多エージェント調査で相互検証)
三菱UFJ eスマート×au PAYカード,0.5,2026/07/18,high,各証券・カード会社公式(多エージェント調査で相互検証)
松井×JCB一般(S/W),0.5,2026/07/18,med,各証券・カード会社公式(多エージェント調査で相互検証)
大和コネクト×セゾン/UC(一般・ゴールド),0.5,2026/07/18,med,各証券・カード会社公式(多エージェント調査で相互検証)