項目,年会費(円)(円),確認時点,確度,出典
マリオットボンヴォイ アメックス プレミアム,49500,2026/07/01,high,アメックス公式
アメックス・ゴールド・プリファード,39600,2026/07/01,high,アメックス公式
ANAアメックスゴールド,34100,2026/07/01,high,三菱UFJニコス/アメックス公式
ダイナースクラブカード,29700,2026/07/01,high,ダイナースクラブ公式
ヒルトンオナーズ アメックス(一般),16500,2026/07/01,med,集計・要アメックス公式突合
ビューカード スタンダード,524,2026/07/17,med,各社公式・比較各社で確認
au PAYカード,0,2026/07/17,med,各社公式・比較各社で確認
dカード,0,2026/07/17,med,各社公式・比較各社で確認
JCB CARD W,0,2026/07/17,med,各社公式・比較各社で確認
PayPayカード,0,2026/07/17,med,各社公式・比較各社で確認
イオンカード,0,2026/07/17,med,各社公式・比較各社で確認
エポスカード,0,2026/07/17,med,各社公式・比較各社で確認
リクルートカード,0,2026/07/17,med,各社公式・比較各社で確認
三井住友カード(NL),0,2026/07/17,med,各社公式・比較各社で確認
楽天カード,0,2026/07/17,med,各社公式・比較各社で確認