確認時点,ドル円(月中平均)(円),確度,出典
2023/03/01,133.13,high,日本銀行 東京市場ドル/円スポット中心相場・月中平均
2023/06/01,144.85,high,日本銀行 東京市場ドル/円スポット中心相場・月中平均
2023/09/01,148.77,high,日本銀行 東京市場ドル/円スポット中心相場・月中平均
2023/12/01,141.4,high,日本銀行 東京市場ドル/円スポット中心相場・月中平均
2024/03/01,151.34,high,日本銀行 東京市場ドル/円スポット中心相場・月中平均
2024/06/01,160.93,high,日本銀行 東京市場ドル/円スポット中心相場・月中平均
2024/09/01,142.38,high,日本銀行 東京市場ドル/円スポット中心相場・月中平均
2024/12/01,157.89,high,日本銀行 東京市場ドル/円スポット中心相場・月中平均
2025/03/01,149.14,high,日本銀行 東京市場ドル/円スポット中心相場・月中平均
2025/06/01,144.13,high,日本銀行 東京市場ドル/円スポット中心相場・月中平均
2025/09/01,148.07,high,日本銀行 東京市場ドル/円スポット中心相場・月中平均
2025/12/01,155.98,high,日本銀行 東京市場ドル/円スポット中心相場・月中平均
2026/03/01,159.63,high,日本銀行 東京市場ドル/円スポット中心相場・月中平均
2026/06/01,160.77,med,三菱UFJリサーチ&コンサルティング（外国為替相場・月中平均、銀行公示仲値TTS/TTBの単純平均）
2026/07/01,162.45,med,日本銀行 時系列統計データ検索サイト（東京市場ドル・円スポット17時時点、月中平均）