確認時点,日経平均(月末終値)(円),確度,出典
2023/03/01,28041,med,世界経済のネタ帳（月末終値）
2023/06/01,33189,med,世界経済のネタ帳（月末終値）
2023/09/01,31858,med,世界経済のネタ帳（月末終値）
2023/12/01,33464,med,世界経済のネタ帳（月末終値）
2024/03/01,40369,med,世界経済のネタ帳（月末終値）
2024/06/01,39583,med,世界経済のネタ帳（月末終値）
2024/09/01,37920,med,世界経済のネタ帳（月末終値）
2024/12/01,39895,med,世界経済のネタ帳（月末終値）
2025/03/01,35618,med,世界経済のネタ帳（月末終値）
2025/06/01,40487,med,世界経済のネタ帳（月末終値）
2025/09/01,44933,med,世界経済のネタ帳（月末終値）
2025/12/01,50339,med,世界経済のネタ帳（月末終値）
2026/03/01,51064,med,世界経済のネタ帳（月末終値）
2026/06/01,70062,med,世界経済のネタ帳（月末終値）