確認時点,長期金利(10年応募者利回り)(%),確度,出典
2023/01/01,0.5,med,財務省 10年国債応募者利回り（集計サイト経由・月次）
2023/02/01,0.485,med,財務省 10年国債応募者利回り（集計サイト経由・月次）
2023/03/01,0.5,med,財務省 10年国債応募者利回り（集計サイト経由・月次）
2023/04/01,0.456,med,財務省 10年国債応募者利回り（集計サイト経由・月次）
2023/05/01,0.426,med,財務省 10年国債応募者利回り（集計サイト経由・月次）
2023/06/01,0.436,med,財務省 10年国債応募者利回り（集計サイト経由・月次）
2023/07/01,0.428,med,財務省 10年国債応募者利回り（集計サイト経由・月次）
2023/08/01,0.594,med,財務省 10年国債応募者利回り（集計サイト経由・月次）
2023/09/01,0.657,med,財務省 10年国債応募者利回り（集計サイト経由・月次）
2023/10/01,0.768,med,財務省 10年国債応募者利回り（集計サイト経由・月次）
2023/11/01,0.91,med,財務省 10年国債応募者利回り（集計サイト経由・月次）
2023/12/01,0.697,med,財務省 10年国債応募者利回り（集計サイト経由・月次）
2024/01/01,0.596,med,財務省 10年国債応募者利回り（集計サイト経由・月次）
2024/02/01,0.741,med,財務省 10年国債応募者利回り（集計サイト経由・月次）
2024/03/01,0.718,med,財務省 10年国債応募者利回り（集計サイト経由・月次）
2024/04/01,0.753,med,財務省 10年国債応募者利回り（集計サイト経由・月次）
2024/05/01,0.857,med,財務省 10年国債応募者利回り（集計サイト経由・月次）
2024/06/01,1.048,med,財務省 10年国債応募者利回り（集計サイト経由・月次）
2024/07/01,1.091,med,財務省 10年国債応募者利回り（集計サイト経由・月次）
2024/08/01,0.926,med,財務省 10年国債応募者利回り（集計サイト経由・月次）
2024/09/01,0.915,med,財務省 10年国債応募者利回り（集計サイト経由・月次）
2024/10/01,0.871,med,財務省 10年国債応募者利回り（集計サイト経由・月次）
2024/11/01,0.997,med,財務省 10年国債応募者利回り（集計サイト経由・月次）
2024/12/01,1.084,med,財務省 10年国債応募者利回り（集計サイト経由・月次）
2025/01/01,1.14,med,財務省 10年国債応募者利回り（集計サイト経由・月次）
2025/02/01,1.26,med,財務省 10年国債応募者利回り（集計サイト経由・月次）
2025/03/01,1.404,med,財務省 10年国債応募者利回り（集計サイト経由・月次）
2025/04/01,1.405,med,財務省 10年国債応募者利回り（集計サイト経由・月次）
2025/05/01,1.274,med,財務省 10年国債応募者利回り（集計サイト経由・月次）
2025/06/01,1.512,med,財務省 10年国債応募者利回り（集計サイト経由・月次）
2025/07/01,1.442,med,財務省 10年国債応募者利回り（集計サイト経由・月次）
2025/08/01,1.462,med,財務省 10年国債応募者利回り（集計サイト経由・月次）
2025/09/01,1.612,med,財務省 10年国債応募者利回り（集計サイト経由・月次）
2025/10/01,1.635,med,財務省 10年国債応募者利回り（集計サイト経由・月次）
2025/11/01,1.658,med,財務省 10年国債応募者利回り（集計サイト経由・月次）
2025/12/01,1.872,med,財務省 10年国債応募者利回り（集計サイト経由・月次）
2026/01/01,2.095,med,財務省 10年国債応募者利回り（集計サイト経由・月次）
2026/02/01,2.249,med,財務省 10年国債応募者利回り（集計サイト経由・月次）
2026/03/01,2.122,med,財務省 10年国債応募者利回り（集計サイト経由・月次）
2026/04/01,2.35,med,財務省 10年国債応募者利回り（集計サイト経由・月次）
2026/05/01,2.54,med,財務省 10年国債応募者利回り（集計サイト経由・月次）
2026/06/01,2.649,med,財務省 10年国債応募者利回り（集計サイト経由・月次）
2026/07/01,2.729,high,財務省 10年利付国債（第383回）入札結果（令和8年7月2日入札）
2026/08/01,2.84,high,財務省 10年利付国債（第383回）入札結果