項目,変動金利(標準優遇後)(%),確認時点,確度,出典
ソニー銀行,1.707,2026/07/11,med,ソニー銀行 公式金利ページ
楽天銀行,1.5,2026/07/11,med,楽天銀行 公式金利ページ
東京スター銀行,1.4,2026/07/11,med,東京スター銀行 住宅ローン金利ページ
PayPay銀行,1.33,2026/07/11,med,PayPay銀行 公式金利ページ
三井住友銀行,1.275,2026/07/11,med,三井住友銀行 住宅ローン金利ページ
auじぶん銀行,1.134,2026/07/11,high,auじぶん銀行 公式金利ページ
SBI新生銀行,1.08,2026/07/11,med,SBI新生銀行 公式金利ページ
三井住友信託銀行,1.08,2026/07/11,med,三井住友信託銀行 住宅ローン金利ページ
イオン銀行,1.04,2026/07/11,high,イオン銀行 公式金利ページ
みずほ銀行,1.025,2026/07/11,med,みずほ銀行 住宅ローン金利ページ
横浜銀行,0.975,2026/07/11,high,横浜銀行 住宅ローン金利ページ
住信SBIネット銀行,0.95,2026/07/11,med,住信SBI 公式金利ページ
三菱UFJ銀行,0.945,2026/07/11,high,三菱UFJ銀行 住宅ローン金利ページ