確認時点,フラット35(最低金利)(%),確度,出典
2023/01/01,1.68,med,住宅金融支援機構 フラット35 借入金利推移（第三者集計で確認）
2023/02/01,1.88,med,住宅金融支援機構 フラット35 借入金利推移（第三者集計で確認）
2023/03/01,1.96,med,住宅金融支援機構 フラット35 借入金利推移（第三者集計で確認）
2023/04/01,1.76,med,住宅金融支援機構 フラット35 借入金利推移（第三者集計で確認）
2023/05/01,1.83,med,住宅金融支援機構 フラット35 借入金利推移（第三者集計で確認）
2023/06/01,1.76,med,住宅金融支援機構 フラット35 借入金利推移（第三者集計で確認）
2023/07/01,1.73,med,住宅金融支援機構 フラット35 借入金利推移（第三者集計で確認）
2023/08/01,1.72,med,住宅金融支援機構 フラット35 借入金利推移（第三者集計で確認）
2023/09/01,1.8,med,住宅金融支援機構 フラット35 借入金利推移（第三者集計で確認）
2023/10/01,1.88,med,住宅金融支援機構 フラット35 借入金利推移（第三者集計で確認）
2023/11/01,1.96,med,住宅金融支援機構 フラット35 借入金利推移（第三者集計で確認）
2023/12/01,1.91,med,住宅金融支援機構 フラット35 借入金利推移（第三者集計で確認）
2024/01/01,1.87,med,住宅金融支援機構 フラット35 借入金利推移（第三者集計で確認）
2024/02/01,1.82,med,住宅金融支援機構 フラット35 借入金利推移（第三者集計で確認）
2024/04/01,1.82,med,住宅金融支援機構 フラット35 借入金利推移（第三者集計で確認）
2024/05/01,1.83,med,住宅金融支援機構 フラット35 借入金利推移（第三者集計で確認）
2024/06/01,1.85,med,住宅金融支援機構 フラット35 借入金利推移（第三者集計で確認）
2024/07/01,1.84,med,住宅金融支援機構 フラット35 借入金利推移（第三者集計で確認）
2024/08/01,1.85,med,住宅金融支援機構 フラット35 借入金利推移（第三者集計で確認）
2024/10/01,1.82,med,住宅金融支援機構 フラット35 借入金利推移（第三者集計で確認）
2024/11/01,1.84,med,住宅金融支援機構 フラット35 借入金利推移（第三者集計で確認）
2024/12/01,1.86,med,住宅金融支援機構 フラット35 借入金利推移（第三者集計で確認）
2025/01/01,1.86,med,住宅金融支援機構 フラット35 借入金利推移（第三者集計で確認）
2025/02/01,1.89,med,住宅金融支援機構 フラット35 借入金利推移（第三者集計で確認）
2025/04/01,1.94,med,住宅金融支援機構 フラット35 借入金利推移（第三者集計で確認）
2025/05/01,1.82,med,住宅金融支援機構 フラット35 借入金利推移（第三者集計で確認）
2025/06/01,1.89,med,住宅金融支援機構 フラット35 借入金利推移（第三者集計で確認）
2025/08/01,1.87,med,住宅金融支援機構 フラット35 借入金利推移（第三者集計で確認）
2025/09/01,1.89,med,住宅金融支援機構 フラット35 借入金利推移（第三者集計で確認）
2025/10/01,1.89,high,住宅金融支援機構フラット35 最低金利（公式PDF＋楽天/アルヒで照合）
2025/11/01,1.9,high,住宅金融支援機構フラット35 最低金利（公式PDF＋楽天/アルヒで照合）
2025/12/01,1.97,high,住宅金融支援機構フラット35 最低金利（公式PDF＋楽天/アルヒで照合）
2026/01/01,2.08,high,住宅金融支援機構フラット35 最低金利（公式PDF＋楽天/アルヒで照合）
2026/02/01,2.26,high,住宅金融支援機構フラット35 最低金利（公式PDF＋楽天/アルヒで照合）
2026/03/01,2.25,high,住宅金融支援機構フラット35 最低金利（公式PDF＋楽天/アルヒで照合）
2026/04/01,2.49,high,住宅金融支援機構フラット35 最低金利（公式PDF＋楽天/アルヒで照合）
2026/05/01,2.71,high,住宅金融支援機構フラット35 最低金利（公式PDF＋楽天/アルヒで照合）
2026/06/01,3.21,high,住宅金融支援機構フラット35 最低金利（公式PDF＋楽天/アルヒで照合）
2026/07/01,3.14,high,住宅金融支援機構フラット35 最低金利（公式PDF＋楽天/アルヒで照合）