項目,変動金利(基準・店頭)(%),確認時点,確度,出典
住信SBIネット銀行,3.525,2026/07/11,med,住信SBI 公式金利ページ
PayPay銀行,3.28,2026/07/11,med,PayPay銀行 公式金利ページ
イオン銀行,3.22,2026/07/11,high,イオン銀行 公式金利ページ
auじぶん銀行,3.141,2026/07/11,high,auじぶん銀行 公式金利ページ
みずほ銀行,3.125,2026/07/11,med,みずほ銀行 住宅ローン金利ページ
りそな銀行,3.125,2026/07/11,low,りそな銀行 住宅ローン金利ページ
三井住友信託銀行,3.125,2026/07/11,med,三井住友信託銀行 住宅ローン金利ページ
三菱UFJ銀行,3.125,2026/07/11,high,三菱UFJ銀行 住宅ローン金利ページ
横浜銀行,3.125,2026/07/11,high,横浜銀行 住宅ローン金利ページ
東京スター銀行,3,2026/07/11,med,東京スター銀行 住宅ローン金利ページ
SBI新生銀行,2.3,2026/07/11,med,SBI新生銀行 公式金利ページ